Year,Tax,Value
1792,Social Insurance Taxes -  percent GDP,0.0
1793,Social Insurance Taxes -  percent GDP,0.0
1794,Social Insurance Taxes -  percent GDP,0.0
1795,Social Insurance Taxes -  percent GDP,0.0
1796,Social Insurance Taxes -  percent GDP,0.0
1797,Social Insurance Taxes -  percent GDP,0.0
1798,Social Insurance Taxes -  percent GDP,0.0
1799,Social Insurance Taxes -  percent GDP,0.0
1800,Social Insurance Taxes -  percent GDP,0.0
1801,Social Insurance Taxes -  percent GDP,0.0
1802,Social Insurance Taxes -  percent GDP,0.0
1803,Social Insurance Taxes -  percent GDP,0.0
1804,Social Insurance Taxes -  percent GDP,0.0
1805,Social Insurance Taxes -  percent GDP,0.0
1806,Social Insurance Taxes -  percent GDP,0.0
1807,Social Insurance Taxes -  percent GDP,0.0
1808,Social Insurance Taxes -  percent GDP,0.0
1809,Social Insurance Taxes -  percent GDP,0.0
1810,Social Insurance Taxes -  percent GDP,0.0
1811,Social Insurance Taxes -  percent GDP,0.0
1812,Social Insurance Taxes -  percent GDP,0.0
1813,Social Insurance Taxes -  percent GDP,0.0
1814,Social Insurance Taxes -  percent GDP,0.0
1815,Social Insurance Taxes -  percent GDP,0.0
1816,Social Insurance Taxes -  percent GDP,0.0
1817,Social Insurance Taxes -  percent GDP,0.0
1818,Social Insurance Taxes -  percent GDP,0.0
1819,Social Insurance Taxes -  percent GDP,0.0
1820,Social Insurance Taxes -  percent GDP,0.0
1821,Social Insurance Taxes -  percent GDP,0.0
1822,Social Insurance Taxes -  percent GDP,0.0
1823,Social Insurance Taxes -  percent GDP,0.0
1824,Social Insurance Taxes -  percent GDP,0.0
1825,Social Insurance Taxes -  percent GDP,0.0
1826,Social Insurance Taxes -  percent GDP,0.0
1827,Social Insurance Taxes -  percent GDP,0.0
1828,Social Insurance Taxes -  percent GDP,0.0
1829,Social Insurance Taxes -  percent GDP,0.0
1830,Social Insurance Taxes -  percent GDP,0.0
1831,Social Insurance Taxes -  percent GDP,0.0
1832,Social Insurance Taxes -  percent GDP,0.0
1833,Social Insurance Taxes -  percent GDP,0.0
1834,Social Insurance Taxes -  percent GDP,0.0
1835,Social Insurance Taxes -  percent GDP,0.0
1836,Social Insurance Taxes -  percent GDP,0.0
1837,Social Insurance Taxes -  percent GDP,0.0
1838,Social Insurance Taxes -  percent GDP,0.0
1839,Social Insurance Taxes -  percent GDP,0.0
1840,Social Insurance Taxes -  percent GDP,0.0
1841,Social Insurance Taxes -  percent GDP,0.0
1842,Social Insurance Taxes -  percent GDP,0.0
1843,Social Insurance Taxes -  percent GDP,0.0
1844,Social Insurance Taxes -  percent GDP,0.0
1845,Social Insurance Taxes -  percent GDP,0.0
1846,Social Insurance Taxes -  percent GDP,0.0
1847,Social Insurance Taxes -  percent GDP,0.0
1848,Social Insurance Taxes -  percent GDP,0.0
1849,Social Insurance Taxes -  percent GDP,0.0
1850,Social Insurance Taxes -  percent GDP,0.0
1851,Social Insurance Taxes -  percent GDP,0.0
1852,Social Insurance Taxes -  percent GDP,0.0
1853,Social Insurance Taxes -  percent GDP,0.0
1854,Social Insurance Taxes -  percent GDP,0.0
1855,Social Insurance Taxes -  percent GDP,0.0
1856,Social Insurance Taxes -  percent GDP,0.0
1857,Social Insurance Taxes -  percent GDP,0.0
1858,Social Insurance Taxes -  percent GDP,0.0
1859,Social Insurance Taxes -  percent GDP,0.0
1860,Social Insurance Taxes -  percent GDP,0.0
1861,Social Insurance Taxes -  percent GDP,0.0
1862,Social Insurance Taxes -  percent GDP,0.0
1863,Social Insurance Taxes -  percent GDP,0.0
1864,Social Insurance Taxes -  percent GDP,0.0
1865,Social Insurance Taxes -  percent GDP,0.0
1866,Social Insurance Taxes -  percent GDP,0.0
1867,Social Insurance Taxes -  percent GDP,0.0
1868,Social Insurance Taxes -  percent GDP,0.0
1869,Social Insurance Taxes -  percent GDP,0.0
1870,Social Insurance Taxes -  percent GDP,0.0
1871,Social Insurance Taxes -  percent GDP,0.0
1872,Social Insurance Taxes -  percent GDP,0.0
1873,Social Insurance Taxes -  percent GDP,0.0
1874,Social Insurance Taxes -  percent GDP,0.0
1875,Social Insurance Taxes -  percent GDP,0.0
1876,Social Insurance Taxes -  percent GDP,0.0
1877,Social Insurance Taxes -  percent GDP,0.0
1878,Social Insurance Taxes -  percent GDP,0.0
1879,Social Insurance Taxes -  percent GDP,0.0
1880,Social Insurance Taxes -  percent GDP,0.0
1881,Social Insurance Taxes -  percent GDP,0.0
1882,Social Insurance Taxes -  percent GDP,0.0
1883,Social Insurance Taxes -  percent GDP,0.0
1884,Social Insurance Taxes -  percent GDP,0.0
1885,Social Insurance Taxes -  percent GDP,0.0
1886,Social Insurance Taxes -  percent GDP,0.0
1887,Social Insurance Taxes -  percent GDP,0.0
1888,Social Insurance Taxes -  percent GDP,0.0
1889,Social Insurance Taxes -  percent GDP,0.0
1890,Social Insurance Taxes -  percent GDP,0.0
1891,Social Insurance Taxes -  percent GDP,0.0
1892,Social Insurance Taxes -  percent GDP,0.0
1893,Social Insurance Taxes -  percent GDP,0.0
1894,Social Insurance Taxes -  percent GDP,0.0
1895,Social Insurance Taxes -  percent GDP,0.0
1896,Social Insurance Taxes -  percent GDP,0.0
1897,Social Insurance Taxes -  percent GDP,0.0
1898,Social Insurance Taxes -  percent GDP,0.0
1899,Social Insurance Taxes -  percent GDP,0.0
1900,Social Insurance Taxes -  percent GDP,0.0
1901,Social Insurance Taxes -  percent GDP,0.0
1902,Social Insurance Taxes -  percent GDP,0.0
1903,Social Insurance Taxes -  percent GDP,0.0
1904,Social Insurance Taxes -  percent GDP,0.0
1905,Social Insurance Taxes -  percent GDP,0.0
1906,Social Insurance Taxes -  percent GDP,0.0
1907,Social Insurance Taxes -  percent GDP,0.0
1908,Social Insurance Taxes -  percent GDP,0.0
1909,Social Insurance Taxes -  percent GDP,0.0
1910,Social Insurance Taxes -  percent GDP,0.0
1911,Social Insurance Taxes -  percent GDP,0.0
1912,Social Insurance Taxes -  percent GDP,0.0
1913,Social Insurance Taxes -  percent GDP,0.0
1914,Social Insurance Taxes -  percent GDP,0.0
1915,Social Insurance Taxes -  percent GDP,0.0
1916,Social Insurance Taxes -  percent GDP,0.0
1917,Social Insurance Taxes -  percent GDP,0.0
1918,Social Insurance Taxes -  percent GDP,0.0
1919,Social Insurance Taxes -  percent GDP,0.0
1920,Social Insurance Taxes -  percent GDP,0.0
1921,Social Insurance Taxes -  percent GDP,0.0
1922,Social Insurance Taxes -  percent GDP,0.0
1923,Social Insurance Taxes -  percent GDP,0.0
1924,Social Insurance Taxes -  percent GDP,0.0
1925,Social Insurance Taxes -  percent GDP,0.0
1926,Social Insurance Taxes -  percent GDP,0.0
1927,Social Insurance Taxes -  percent GDP,0.03
1928,Social Insurance Taxes -  percent GDP,0.03
1929,Social Insurance Taxes -  percent GDP,0.03
1930,Social Insurance Taxes -  percent GDP,0.03
1931,Social Insurance Taxes -  percent GDP,0.04
1932,Social Insurance Taxes -  percent GDP,0.06
1933,Social Insurance Taxes -  percent GDP,0.05
1934,Social Insurance Taxes -  percent GDP,0.04
1935,Social Insurance Taxes -  percent GDP,0.04
1936,Social Insurance Taxes -  percent GDP,0.1
1937,Social Insurance Taxes -  percent GDP,0.7
1938,Social Insurance Taxes -  percent GDP,1.7
1939,Social Insurance Taxes -  percent GDP,1.8
1940,Social Insurance Taxes -  percent GDP,1.8
1941,Social Insurance Taxes -  percent GDP,1.7
1942,Social Insurance Taxes -  percent GDP,1.7
1943,Social Insurance Taxes -  percent GDP,1.6
1944,Social Insurance Taxes -  percent GDP,1.6
1945,Social Insurance Taxes -  percent GDP,1.5
1946,Social Insurance Taxes -  percent GDP,1.4
1947,Social Insurance Taxes -  percent GDP,1.4
1948,Social Insurance Taxes -  percent GDP,1.4
1949,Social Insurance Taxes -  percent GDP,1.4
1950,Social Insurance Taxes -  percent GDP,1.6
1951,Social Insurance Taxes -  percent GDP,1.7
1952,Social Insurance Taxes -  percent GDP,1.8
1953,Social Insurance Taxes -  percent GDP,1.8
1954,Social Insurance Taxes -  percent GDP,1.9
1955,Social Insurance Taxes -  percent GDP,1.9
1956,Social Insurance Taxes -  percent GDP,2.1
1957,Social Insurance Taxes -  percent GDP,2.2
1958,Social Insurance Taxes -  percent GDP,2.4
1959,Social Insurance Taxes -  percent GDP,2.3
1960,Social Insurance Taxes -  percent GDP,2.7
1961,Social Insurance Taxes -  percent GDP,3.0
1962,Social Insurance Taxes -  percent GDP,2.9
1963,Social Insurance Taxes -  percent GDP,3.2
1964,Social Insurance Taxes -  percent GDP,3.3
1965,Social Insurance Taxes -  percent GDP,3.1
1966,Social Insurance Taxes -  percent GDP,3.3
1967,Social Insurance Taxes -  percent GDP,3.9
1968,Social Insurance Taxes -  percent GDP,3.8
1969,Social Insurance Taxes -  percent GDP,4.0
1970,Social Insurance Taxes -  percent GDP,4.2
1971,Social Insurance Taxes -  percent GDP,4.2
1972,Social Insurance Taxes -  percent GDP,4.3
1973,Social Insurance Taxes -  percent GDP,4.7
1974,Social Insurance Taxes -  percent GDP,5.1
1975,Social Insurance Taxes -  percent GDP,5.3
1976,Social Insurance Taxes -  percent GDP,5.1
1977,Social Insurance Taxes -  percent GDP,5.3
1978,Social Insurance Taxes -  percent GDP,5.3
1979,Social Insurance Taxes -  percent GDP,5.3
1980,Social Insurance Taxes -  percent GDP,5.4
1981,Social Insurance Taxes -  percent GDP,5.7
1982,Social Insurance Taxes -  percent GDP,5.8
1983,Social Insurance Taxes -  percent GDP,6.1
1984,Social Insurance Taxes -  percent GDP,5.9
1985,Social Insurance Taxes -  percent GDP,6.1
1986,Social Insurance Taxes -  percent GDP,6.2
1987,Social Insurance Taxes -  percent GDP,6.3
1988,Social Insurance Taxes -  percent GDP,6.4
1989,Social Insurance Taxes -  percent GDP,6.5
1990,Social Insurance Taxes -  percent GDP,6.5
1991,Social Insurance Taxes -  percent GDP,6.4
1992,Social Insurance Taxes -  percent GDP,6.5
1993,Social Insurance Taxes -  percent GDP,6.4
1994,Social Insurance Taxes -  percent GDP,6.3
1995,Social Insurance Taxes -  percent GDP,6.4
1996,Social Insurance Taxes -  percent GDP,6.4
1997,Social Insurance Taxes -  percent GDP,6.4
1998,Social Insurance Taxes -  percent GDP,6.4
1999,Social Insurance Taxes -  percent GDP,6.4
2000,Social Insurance Taxes -  percent GDP,6.5
2001,Social Insurance Taxes -  percent GDP,6.5
2002,Social Insurance Taxes -  percent GDP,6.6
2003,Social Insurance Taxes -  percent GDP,6.5
2004,Social Insurance Taxes -  percent GDP,6.3
2005,Social Insurance Taxes -  percent GDP,6.1
2006,Social Insurance Taxes -  percent GDP,6.2
2007,Social Insurance Taxes -  percent GDP,6.1
2008,Social Insurance Taxes -  percent GDP,6.1
2009,Social Insurance Taxes -  percent GDP,6.1
2010,Social Insurance Taxes -  percent GDP,6.2
2011,Social Insurance Taxes -  percent GDP,5.8
2012,Social Insurance Taxes -  percent GDP,5.3
2013,Social Insurance Taxes -  percent GDP,5.2
2014,Social Insurance Taxes -  percent GDP,5.7
2015,Social Insurance Taxes -  percent GDP,5.9
2016,Social Insurance Taxes -  percent GDP,5.9
2017,Social Insurance Taxes -  percent GDP,6.0
2018,Social Insurance Taxes -  percent GDP,6.0
2019,Social Insurance Taxes -  percent GDP,5.8
2020,Social Insurance Taxes -  percent GDP,5.9
2021,Social Insurance Taxes -  percent GDP,6.2
2022,Social Insurance Taxes -  percent GDP,5.8
2023,Social Insurance Taxes -  percent GDP,5.9
1792,Income Taxes -  percent GDP,0.0
1793,Income Taxes -  percent GDP,0.0
1794,Income Taxes -  percent GDP,0.0
1795,Income Taxes -  percent GDP,0.0
1796,Income Taxes -  percent GDP,0.0
1797,Income Taxes -  percent GDP,0.0
1798,Income Taxes -  percent GDP,0.0
1799,Income Taxes -  percent GDP,0.0
1800,Income Taxes -  percent GDP,0.0
1801,Income Taxes -  percent GDP,0.0
1802,Income Taxes -  percent GDP,0.0
1803,Income Taxes -  percent GDP,0.0
1804,Income Taxes -  percent GDP,0.0
1805,Income Taxes -  percent GDP,0.0
1806,Income Taxes -  percent GDP,0.0
1807,Income Taxes -  percent GDP,0.0
1808,Income Taxes -  percent GDP,0.0
1809,Income Taxes -  percent GDP,0.0
1810,Income Taxes -  percent GDP,0.0
1811,Income Taxes -  percent GDP,0.0
1812,Income Taxes -  percent GDP,0.0
1813,Income Taxes -  percent GDP,0.0
1814,Income Taxes -  percent GDP,0.0
1815,Income Taxes -  percent GDP,0.0
1816,Income Taxes -  percent GDP,0.0
1817,Income Taxes -  percent GDP,0.0
1818,Income Taxes -  percent GDP,0.0
1819,Income Taxes -  percent GDP,0.0
1820,Income Taxes -  percent GDP,0.0
1821,Income Taxes -  percent GDP,0.0
1822,Income Taxes -  percent GDP,0.0
1823,Income Taxes -  percent GDP,0.0
1824,Income Taxes -  percent GDP,0.0
1825,Income Taxes -  percent GDP,0.0
1826,Income Taxes -  percent GDP,0.0
1827,Income Taxes -  percent GDP,0.0
1828,Income Taxes -  percent GDP,0.0
1829,Income Taxes -  percent GDP,0.0
1830,Income Taxes -  percent GDP,0.0
1831,Income Taxes -  percent GDP,0.0
1832,Income Taxes -  percent GDP,0.0
1833,Income Taxes -  percent GDP,0.0
1834,Income Taxes -  percent GDP,0.0
1835,Income Taxes -  percent GDP,0.0
1836,Income Taxes -  percent GDP,0.0
1837,Income Taxes -  percent GDP,0.0
1838,Income Taxes -  percent GDP,0.0
1839,Income Taxes -  percent GDP,0.0
1840,Income Taxes -  percent GDP,0.0
1841,Income Taxes -  percent GDP,0.0
1842,Income Taxes -  percent GDP,0.0
1843,Income Taxes -  percent GDP,0.0
1844,Income Taxes -  percent GDP,0.0
1845,Income Taxes -  percent GDP,0.0
1846,Income Taxes -  percent GDP,0.0
1847,Income Taxes -  percent GDP,0.0
1848,Income Taxes -  percent GDP,0.0
1849,Income Taxes -  percent GDP,0.0
1850,Income Taxes -  percent GDP,0.0
1851,Income Taxes -  percent GDP,0.0
1852,Income Taxes -  percent GDP,0.0
1853,Income Taxes -  percent GDP,0.0
1854,Income Taxes -  percent GDP,0.0
1855,Income Taxes -  percent GDP,0.0
1856,Income Taxes -  percent GDP,0.0
1857,Income Taxes -  percent GDP,0.0
1858,Income Taxes -  percent GDP,0.0
1859,Income Taxes -  percent GDP,0.0
1860,Income Taxes -  percent GDP,0.0
1861,Income Taxes -  percent GDP,0.0
1862,Income Taxes -  percent GDP,0.0
1863,Income Taxes -  percent GDP,0.0
1864,Income Taxes -  percent GDP,0.0
1865,Income Taxes -  percent GDP,0.0
1866,Income Taxes -  percent GDP,0.0
1867,Income Taxes -  percent GDP,0.0
1868,Income Taxes -  percent GDP,0.0
1869,Income Taxes -  percent GDP,0.0
1870,Income Taxes -  percent GDP,0.0
1871,Income Taxes -  percent GDP,0.0
1872,Income Taxes -  percent GDP,0.0
1873,Income Taxes -  percent GDP,0.0
1874,Income Taxes -  percent GDP,0.0
1875,Income Taxes -  percent GDP,0.0
1876,Income Taxes -  percent GDP,0.0
1877,Income Taxes -  percent GDP,0.0
1878,Income Taxes -  percent GDP,0.0
1879,Income Taxes -  percent GDP,0.0
1880,Income Taxes -  percent GDP,0.0
1881,Income Taxes -  percent GDP,0.0
1882,Income Taxes -  percent GDP,0.0
1883,Income Taxes -  percent GDP,0.0
1884,Income Taxes -  percent GDP,0.0
1885,Income Taxes -  percent GDP,0.0
1886,Income Taxes -  percent GDP,0.0
1887,Income Taxes -  percent GDP,0.0
1888,Income Taxes -  percent GDP,0.0
1889,Income Taxes -  percent GDP,0.0
1890,Income Taxes -  percent GDP,0.0
1891,Income Taxes -  percent GDP,0.0
1892,Income Taxes -  percent GDP,0.0
1893,Income Taxes -  percent GDP,0.0
1894,Income Taxes -  percent GDP,0.0
1895,Income Taxes -  percent GDP,0.0
1896,Income Taxes -  percent GDP,0.0
1897,Income Taxes -  percent GDP,0.0
1898,Income Taxes -  percent GDP,0.0
1899,Income Taxes -  percent GDP,0.0
1900,Income Taxes -  percent GDP,0.0
1901,Income Taxes -  percent GDP,0.0
1902,Income Taxes -  percent GDP,0.0
1903,Income Taxes -  percent GDP,0.0
1904,Income Taxes -  percent GDP,0.0
1905,Income Taxes -  percent GDP,0.0
1906,Income Taxes -  percent GDP,0.0
1907,Income Taxes -  percent GDP,0.0
1908,Income Taxes -  percent GDP,0.0
1909,Income Taxes -  percent GDP,0.0
1910,Income Taxes -  percent GDP,0.0
1911,Income Taxes -  percent GDP,0.0
1912,Income Taxes -  percent GDP,0.0
1913,Income Taxes -  percent GDP,0.09
1914,Income Taxes -  percent GDP,0.11
1915,Income Taxes -  percent GDP,0.12
1916,Income Taxes -  percent GDP,0.24
1917,Income Taxes -  percent GDP,0.62
1918,Income Taxes -  percent GDP,3.55
1919,Income Taxes -  percent GDP,3.39
1920,Income Taxes -  percent GDP,4.52
1921,Income Taxes -  percent GDP,4.58
1922,Income Taxes -  percent GDP,3.01
1923,Income Taxes -  percent GDP,1.95
1924,Income Taxes -  percent GDP,2.03
1925,Income Taxes -  percent GDP,1.86
1926,Income Taxes -  percent GDP,1.94
1927,Income Taxes -  percent GDP,2.22
1928,Income Taxes -  percent GDP,2.12
1929,Income Taxes -  percent GDP,2.14
1930,Income Taxes -  percent GDP,2.5
1931,Income Taxes -  percent GDP,2.29
1932,Income Taxes -  percent GDP,1.69
1933,Income Taxes -  percent GDP,1.57
1934,Income Taxes -  percent GDP,1.2999999999999998
1935,Income Taxes -  percent GDP,1.5
1936,Income Taxes -  percent GDP,1.7000000000000002
1937,Income Taxes -  percent GDP,2.4
1938,Income Taxes -  percent GDP,2.8
1939,Income Taxes -  percent GDP,2.3
1940,Income Taxes -  percent GDP,2.1
1941,Income Taxes -  percent GDP,2.9000000000000004
1942,Income Taxes -  percent GDP,5.4
1943,Income Taxes -  percent GDP,8.7
1944,Income Taxes -  percent GDP,16.1
1945,Income Taxes -  percent GDP,15.2
1946,Income Taxes -  percent GDP,12.3
1947,Income Taxes -  percent GDP,11.1
1948,Income Taxes -  percent GDP,11.100000000000001
1949,Income Taxes -  percent GDP,9.6
1950,Income Taxes -  percent GDP,9.4
1951,Income Taxes -  percent GDP,10.899999999999999
1952,Income Taxes -  percent GDP,13.7
1953,Income Taxes -  percent GDP,13.399999999999999
1954,Income Taxes -  percent GDP,13.1
1955,Income Taxes -  percent GDP,11.5
1956,Income Taxes -  percent GDP,12.1
1957,Income Taxes -  percent GDP,12.3
1958,Income Taxes -  percent GDP,11.5
1959,Income Taxes -  percent GDP,10.7
1960,Income Taxes -  percent GDP,11.6
1961,Income Taxes -  percent GDP,11.399999999999999
1962,Income Taxes -  percent GDP,11.3
1963,Income Taxes -  percent GDP,11.2
1964,Income Taxes -  percent GDP,11.0
1965,Income Taxes -  percent GDP,10.5
1966,Income Taxes -  percent GDP,11.0
1967,Income Taxes -  percent GDP,11.5
1968,Income Taxes -  percent GDP,10.9
1969,Income Taxes -  percent GDP,12.600000000000001
1970,Income Taxes -  percent GDP,11.7
1971,Income Taxes -  percent GDP,10.1
1972,Income Taxes -  percent GDP,10.4
1973,Income Taxes -  percent GDP,10.3
1974,Income Taxes -  percent GDP,10.6
1975,Income Taxes -  percent GDP,10.1
1976,Income Taxes -  percent GDP,9.7
1977,Income Taxes -  percent GDP,10.0
1978,Income Taxes -  percent GDP,10.5
1979,Income Taxes -  percent GDP,10.6
1980,Income Taxes -  percent GDP,11.1
1981,Income Taxes -  percent GDP,11.0
1982,Income Taxes -  percent GDP,11.1
1983,Income Taxes -  percent GDP,10.5
1984,Income Taxes -  percent GDP,9.2
1985,Income Taxes -  percent GDP,9.0
1986,Income Taxes -  percent GDP,9.2
1987,Income Taxes -  percent GDP,9.1
1988,Income Taxes -  percent GDP,10.0
1989,Income Taxes -  percent GDP,9.6
1990,Income Taxes -  percent GDP,9.9
1991,Income Taxes -  percent GDP,9.5
1992,Income Taxes -  percent GDP,9.3
1993,Income Taxes -  percent GDP,9.0
1994,Income Taxes -  percent GDP,9.2
1995,Income Taxes -  percent GDP,9.6
1996,Income Taxes -  percent GDP,9.9
1997,Income Taxes -  percent GDP,10.5
1998,Income Taxes -  percent GDP,10.899999999999999
1999,Income Taxes -  percent GDP,11.4
2000,Income Taxes -  percent GDP,11.200000000000001
2001,Income Taxes -  percent GDP,11.9
2002,Income Taxes -  percent GDP,10.8
2003,Income Taxes -  percent GDP,9.3
2004,Income Taxes -  percent GDP,8.2
2005,Income Taxes -  percent GDP,8.3
2006,Income Taxes -  percent GDP,9.4
2007,Income Taxes -  percent GDP,10.3
2008,Income Taxes -  percent GDP,10.7
2009,Income Taxes -  percent GDP,9.8
2010,Income Taxes -  percent GDP,7.3
2011,Income Taxes -  percent GDP,7.3
2012,Income Taxes -  percent GDP,8.299999999999999
2013,Income Taxes -  percent GDP,8.5
2014,Income Taxes -  percent GDP,9.5
2015,Income Taxes -  percent GDP,9.8
2016,Income Taxes -  percent GDP,10.4
2017,Income Taxes -  percent GDP,9.9
2018,Income Taxes -  percent GDP,9.7
2019,Income Taxes -  percent GDP,9.3
2020,Income Taxes -  percent GDP,9.2
2021,Income Taxes -  percent GDP,8.6
2022,Income Taxes -  percent GDP,10.6
2023,Income Taxes -  percent GDP,12.2
1792,Ad valorem Taxes -  percent GDP,1.63
1793,Ad valorem Taxes -  percent GDP,1.85
1794,Ad valorem Taxes -  percent GDP,1.72
1795,Ad valorem Taxes -  percent GDP,1.68
1796,Ad valorem Taxes -  percent GDP,2.01
1797,Ad valorem Taxes -  percent GDP,2.12
1798,Ad valorem Taxes -  percent GDP,1.91
1799,Ad valorem Taxes -  percent GDP,1.71
1800,Ad valorem Taxes -  percent GDP,2.26
1801,Ad valorem Taxes -  percent GDP,2.52
1802,Ad valorem Taxes -  percent GDP,3.33
1803,Ad valorem Taxes -  percent GDP,2.31
1804,Ad valorem Taxes -  percent GDP,2.22
1805,Ad valorem Taxes -  percent GDP,2.42
1806,Ad valorem Taxes -  percent GDP,2.52
1807,Ad valorem Taxes -  percent GDP,2.78
1808,Ad valorem Taxes -  percent GDP,2.64
1809,Ad valorem Taxes -  percent GDP,1.13
1810,Ad valorem Taxes -  percent GDP,1.33
1811,Ad valorem Taxes -  percent GDP,1.88
1812,Ad valorem Taxes -  percent GDP,1.25
1813,Ad valorem Taxes -  percent GDP,1.79
1814,Ad valorem Taxes -  percent GDP,1.04
1815,Ad valorem Taxes -  percent GDP,1.7
1816,Ad valorem Taxes -  percent GDP,5.82
1817,Ad valorem Taxes -  percent GDP,4.31
1818,Ad valorem Taxes -  percent GDP,2.93
1819,Ad valorem Taxes -  percent GDP,3.39
1820,Ad valorem Taxes -  percent GDP,2.51
1821,Ad valorem Taxes -  percent GDP,1.98
1822,Ad valorem Taxes -  percent GDP,2.51
1823,Ad valorem Taxes -  percent GDP,2.71
1824,Ad valorem Taxes -  percent GDP,2.57
1825,Ad valorem Taxes -  percent GDP,2.66
1826,Ad valorem Taxes -  percent GDP,2.92
1827,Ad valorem Taxes -  percent GDP,2.51
1828,Ad valorem Taxes -  percent GDP,2.76
1829,Ad valorem Taxes -  percent GDP,2.67
1830,Ad valorem Taxes -  percent GDP,2.43
1831,Ad valorem Taxes -  percent GDP,2.71
1832,Ad valorem Taxes -  percent GDP,2.82
1833,Ad valorem Taxes -  percent GDP,2.93
1834,Ad valorem Taxes -  percent GDP,1.79
1835,Ad valorem Taxes -  percent GDP,2.64
1836,Ad valorem Taxes -  percent GDP,3.44
1837,Ad valorem Taxes -  percent GDP,1.61
1838,Ad valorem Taxes -  percent GDP,1.65
1839,Ad valorem Taxes -  percent GDP,1.9
1840,Ad valorem Taxes -  percent GDP,1.24
1841,Ad valorem Taxes -  percent GDP,1.02
1842,Ad valorem Taxes -  percent GDP,1.23
1843,Ad valorem Taxes -  percent GDP,0.53
1844,Ad valorem Taxes -  percent GDP,1.72
1845,Ad valorem Taxes -  percent GDP,1.61
1846,Ad valorem Taxes -  percent GDP,1.44
1847,Ad valorem Taxes -  percent GDP,1.1
1848,Ad valorem Taxes -  percent GDP,1.47
1849,Ad valorem Taxes -  percent GDP,1.29
1850,Ad valorem Taxes -  percent GDP,1.69
1851,Ad valorem Taxes -  percent GDP,1.93
1852,Ad valorem Taxes -  percent GDP,1.63
1853,Ad valorem Taxes -  percent GDP,1.86
1854,Ad valorem Taxes -  percent GDP,1.99
1855,Ad valorem Taxes -  percent GDP,1.64
1856,Ad valorem Taxes -  percent GDP,1.83
1857,Ad valorem Taxes -  percent GDP,1.65
1858,Ad valorem Taxes -  percent GDP,1.14
1859,Ad valorem Taxes -  percent GDP,1.21
1860,Ad valorem Taxes -  percent GDP,1.28
1861,Ad valorem Taxes -  percent GDP,0.89
1862,Ad valorem Taxes -  percent GDP,0.89
1863,Ad valorem Taxes -  percent GDP,1.51
1864,Ad valorem Taxes -  percent GDP,2.85
1865,Ad valorem Taxes -  percent GDP,3.36
1866,Ad valorem Taxes -  percent GDP,6.15
1867,Ad valorem Taxes -  percent GDP,5.81
1868,Ad valorem Taxes -  percent GDP,4.92
1869,Ad valorem Taxes -  percent GDP,4.69
1870,Ad valorem Taxes -  percent GDP,5.26
1871,Ad valorem Taxes -  percent GDP,5.0
1872,Ad valorem Taxes -  percent GDP,4.51
1873,Ad valorem Taxes -  percent GDP,3.77
1874,Ad valorem Taxes -  percent GDP,3.56
1875,Ad valorem Taxes -  percent GDP,3.5
1876,Ad valorem Taxes -  percent GDP,3.51
1877,Ad valorem Taxes -  percent GDP,3.27
1878,Ad valorem Taxes -  percent GDP,3.05
1879,Ad valorem Taxes -  percent GDP,2.9
1880,Ad valorem Taxes -  percent GDP,3.19
1881,Ad valorem Taxes -  percent GDP,3.07
1882,Ad valorem Taxes -  percent GDP,3.27
1883,Ad valorem Taxes -  percent GDP,3.2
1884,Ad valorem Taxes -  percent GDP,2.93
1885,Ad valorem Taxes -  percent GDP,2.76
1886,Ad valorem Taxes -  percent GDP,2.74
1887,Ad valorem Taxes -  percent GDP,2.8
1888,Ad valorem Taxes -  percent GDP,2.71
1889,Ad valorem Taxes -  percent GDP,2.77
1890,Ad valorem Taxes -  percent GDP,2.65
1891,Ad valorem Taxes -  percent GDP,2.53
1892,Ad valorem Taxes -  percent GDP,2.15
1893,Ad valorem Taxes -  percent GDP,2.48
1894,Ad valorem Taxes -  percent GDP,2.15
1895,Ad valorem Taxes -  percent GDP,2.06
1896,Ad valorem Taxes -  percent GDP,2.16
1897,Ad valorem Taxes -  percent GDP,2.13
1898,Ad valorem Taxes -  percent GDP,2.22
1899,Ad valorem Taxes -  percent GDP,2.62
1900,Ad valorem Taxes -  percent GDP,2.73
1901,Ad valorem Taxes -  percent GDP,2.61
1902,Ad valorem Taxes -  percent GDP,2.6
1903,Ad valorem Taxes -  percent GDP,2.56
1904,Ad valorem Taxes -  percent GDP,2.56
1905,Ad valorem Taxes -  percent GDP,2.34
1906,Ad valorem Taxes -  percent GDP,2.35
1907,Ad valorem Taxes -  percent GDP,2.3
1908,Ad valorem Taxes -  percent GDP,2.5
1909,Ad valorem Taxes -  percent GDP,2.45
1910,Ad valorem Taxes -  percent GDP,2.52
1911,Ad valorem Taxes -  percent GDP,2.47
1912,Ad valorem Taxes -  percent GDP,2.33
1913,Ad valorem Taxes -  percent GDP,2.31
1914,Ad valorem Taxes -  percent GDP,2.52
1915,Ad valorem Taxes -  percent GDP,2.28
1916,Ad valorem Taxes -  percent GDP,2.05
1917,Ad valorem Taxes -  percent GDP,2.19
1918,Ad valorem Taxes -  percent GDP,1.94
1919,Ad valorem Taxes -  percent GDP,1.73
1920,Ad valorem Taxes -  percent GDP,1.75
1921,Ad valorem Taxes -  percent GDP,2.4
1922,Ad valorem Taxes -  percent GDP,2.89
1923,Ad valorem Taxes -  percent GDP,2.58
1924,Ad valorem Taxes -  percent GDP,2.46
1925,Ad valorem Taxes -  percent GDP,2.33
1926,Ad valorem Taxes -  percent GDP,2.21
1927,Ad valorem Taxes -  percent GDP,2.29
1928,Ad valorem Taxes -  percent GDP,2.09
1929,Ad valorem Taxes -  percent GDP,1.96
1930,Ad valorem Taxes -  percent GDP,2.05
1931,Ad valorem Taxes -  percent GDP,2.09
1932,Ad valorem Taxes -  percent GDP,2.53
1933,Ad valorem Taxes -  percent GDP,3.8
1934,Ad valorem Taxes -  percent GDP,2.2
1935,Ad valorem Taxes -  percent GDP,2.0
1936,Ad valorem Taxes -  percent GDP,2.0
1937,Ad valorem Taxes -  percent GDP,2.1
1938,Ad valorem Taxes -  percent GDP,2.1
1939,Ad valorem Taxes -  percent GDP,2.1
1940,Ad valorem Taxes -  percent GDP,2.0
1941,Ad valorem Taxes -  percent GDP,2.2
1942,Ad valorem Taxes -  percent GDP,2.3
1943,Ad valorem Taxes -  percent GDP,2.2
1944,Ad valorem Taxes -  percent GDP,2.2
1945,Ad valorem Taxes -  percent GDP,2.8
1946,Ad valorem Taxes -  percent GDP,3.1
1947,Ad valorem Taxes -  percent GDP,3.0
1948,Ad valorem Taxes -  percent GDP,2.8
1949,Ad valorem Taxes -  percent GDP,2.7
1950,Ad valorem Taxes -  percent GDP,2.7
1951,Ad valorem Taxes -  percent GDP,2.6
1952,Ad valorem Taxes -  percent GDP,2.5
1953,Ad valorem Taxes -  percent GDP,2.6
1954,Ad valorem Taxes -  percent GDP,2.6
1955,Ad valorem Taxes -  percent GDP,2.2
1956,Ad valorem Taxes -  percent GDP,2.3
1957,Ad valorem Taxes -  percent GDP,2.3
1958,Ad valorem Taxes -  percent GDP,2.2
1959,Ad valorem Taxes -  percent GDP,2.1
1960,Ad valorem Taxes -  percent GDP,2.2
1961,Ad valorem Taxes -  percent GDP,2.2
1962,Ad valorem Taxes -  percent GDP,2.1
1963,Ad valorem Taxes -  percent GDP,2.1
1964,Ad valorem Taxes -  percent GDP,2.1
1965,Ad valorem Taxes -  percent GDP,2.1
1966,Ad valorem Taxes -  percent GDP,1.7
1967,Ad valorem Taxes -  percent GDP,1.6
1968,Ad valorem Taxes -  percent GDP,1.6
1969,Ad valorem Taxes -  percent GDP,1.6
1970,Ad valorem Taxes -  percent GDP,1.5
1971,Ad valorem Taxes -  percent GDP,1.5
1972,Ad valorem Taxes -  percent GDP,1.3
1973,Ad valorem Taxes -  percent GDP,1.2
1974,Ad valorem Taxes -  percent GDP,1.1
1975,Ad valorem Taxes -  percent GDP,1.0
1976,Ad valorem Taxes -  percent GDP,0.9
1977,Ad valorem Taxes -  percent GDP,0.9
1978,Ad valorem Taxes -  percent GDP,0.9
1979,Ad valorem Taxes -  percent GDP,0.8
1980,Ad valorem Taxes -  percent GDP,0.7
1981,Ad valorem Taxes -  percent GDP,0.9
1982,Ad valorem Taxes -  percent GDP,1.3
1983,Ad valorem Taxes -  percent GDP,1.1
1984,Ad valorem Taxes -  percent GDP,1.0
1985,Ad valorem Taxes -  percent GDP,0.9
1986,Ad valorem Taxes -  percent GDP,0.8
1987,Ad valorem Taxes -  percent GDP,0.7
1988,Ad valorem Taxes -  percent GDP,0.7
1989,Ad valorem Taxes -  percent GDP,0.7
1990,Ad valorem Taxes -  percent GDP,0.6
1991,Ad valorem Taxes -  percent GDP,0.6
1992,Ad valorem Taxes -  percent GDP,0.7
1993,Ad valorem Taxes -  percent GDP,0.7
1994,Ad valorem Taxes -  percent GDP,0.7
1995,Ad valorem Taxes -  percent GDP,0.8
1996,Ad valorem Taxes -  percent GDP,0.8
1997,Ad valorem Taxes -  percent GDP,0.7
1998,Ad valorem Taxes -  percent GDP,0.7
1999,Ad valorem Taxes -  percent GDP,0.6
2000,Ad valorem Taxes -  percent GDP,0.7
2001,Ad valorem Taxes -  percent GDP,0.7
2002,Ad valorem Taxes -  percent GDP,0.6
2003,Ad valorem Taxes -  percent GDP,0.6
2004,Ad valorem Taxes -  percent GDP,0.6
2005,Ad valorem Taxes -  percent GDP,0.6
2006,Ad valorem Taxes -  percent GDP,0.6
2007,Ad valorem Taxes -  percent GDP,0.5
2008,Ad valorem Taxes -  percent GDP,0.5
2009,Ad valorem Taxes -  percent GDP,0.5
2010,Ad valorem Taxes -  percent GDP,0.4
2011,Ad valorem Taxes -  percent GDP,0.4
2012,Ad valorem Taxes -  percent GDP,0.5
2013,Ad valorem Taxes -  percent GDP,0.5
2014,Ad valorem Taxes -  percent GDP,0.5
2015,Ad valorem Taxes -  percent GDP,0.5
2016,Ad valorem Taxes -  percent GDP,0.5
2017,Ad valorem Taxes -  percent GDP,0.5
2018,Ad valorem Taxes -  percent GDP,0.4
2019,Ad valorem Taxes -  percent GDP,0.5
2020,Ad valorem Taxes -  percent GDP,0.5
2021,Ad valorem Taxes -  percent GDP,0.4
2022,Ad valorem Taxes -  percent GDP,0.3
2023,Ad valorem Taxes -  percent GDP,0.4
